Workbook

Sheet Engagement Log
A1: Engagement ID | B1: Client Name | C1: Industry | D1: Date Started | E1: Date Completed | F1: Material Sufficiency | G1: Form Quality Score (%) | H1: QG-1 First Pass (%) | I1: QG-1 Final (%) | J1: QG-2 First Pass (%) | K1: QG-2 Final (%) | L1: QG-3 First Pass (%) | M1: QG-3 Final (%) | N1: QG-4 First Pass (%) | O1: QG-4 Final (%) | P1: QG-FINAL First Pass (%) | Q1: QG-FINAL Final (%) | R1: Gates Requiring Remediation | S1: Total Remediation Time (hrs) | T1: Consultant Review Time (hrs) | U1: Total Pipeline Time (hrs) | V1: Status | W1: Notes
A2: BP-001 | B2: Nexus Manufacturing Ltd | C2: Manufacturing | D2: 2026-04-01 | E2: 2026-04-22 | F2: Sufficient | G2: 87 | H2: 82 | I2: 89 | J2: 78 | K2: 85 | L2: 72 | M2: 81 | N2: 85 | O2: 90 | P2: 88 | Q2: 92 | R2: 2 | S2: 1.5 | T2: 3 | U2: 18.5 | V2: Completed | W2: Strong client materials; QG-3 needed rework on Evidence Grounding
A3: BP-002 | B3: Verdant Logistics Group | C3: Logistics & Supply Chain | D3: 2026-04-15 | E3: 2026-05-05 | F3: Marginal | G3: 74 | H3: 75 | I3: 80 | J3: 71 | K3: 78 | L3: 68 | M3: 76 | N3: 79 | O3: 83 | P3: 81 | Q3: 87 | R3: 3 | S3: 2.5 | T3: 4 | U3: 22 | V3: Completed | W3: Thin process documentation; created supplemental context
A4: BP-003 | B4: Pinnacle Financial Services | C4: Financial Services | D4: 2026-05-01 | F4: Sufficient | G4: 91 | H4: 88 | J4: 84 | R4: 0 | S4: 0 | T4: 1.5 | V4: In Progress | W4: Currently at QG-2; strong intake materials

Sheet Quality Trends
A1: Blueprint Pipeline Quality Trends
A3: Metric | B3: Value | C3: Metric | D3: Value
A4: Avg QG-1 First Pass Score (%) | B4: =IFERROR(AVERAGE('Engagement Log'!H2:H1000),"-") -> 81.666667 | C4: Avg QG-1 Final Score (%) | D4: =IFERROR(AVERAGE('Engagement Log'!I2:I1000),"-") -> 84.5
A5: Avg QG-2 First Pass Score (%) | B5: =IFERROR(AVERAGE('Engagement Log'!J2:J1000),"-") -> 77.666667 | C5: Avg QG-2 Final Score (%) | D5: =IFERROR(AVERAGE('Engagement Log'!K2:K1000),"-") -> 81.5
A6: Avg QG-3 First Pass Score (%) | B6: =IFERROR(AVERAGE('Engagement Log'!L2:L1000),"-") -> 70 | C6: Avg QG-3 Final Score (%) | D6: =IFERROR(AVERAGE('Engagement Log'!M2:M1000),"-") -> 78.5
A7: Avg QG-4 First Pass Score (%) | B7: =IFERROR(AVERAGE('Engagement Log'!N2:N1000),"-") -> 82 | C7: Avg QG-4 Final Score (%) | D7: =IFERROR(AVERAGE('Engagement Log'!O2:O1000),"-") -> 86.5
A8: Avg QG-FINAL First Pass Score (%) | B8: =IFERROR(AVERAGE('Engagement Log'!P2:P1000),"-") -> 84.5 | C8: Avg QG-FINAL Final Score (%) | D8: =IFERROR(AVERAGE('Engagement Log'!Q2:Q1000),"-") -> 89.5
A10: Pipeline Performance | C10: Engagement Counts
A11: Avg Form Quality Score (%) | B11: =IFERROR(AVERAGE('Engagement Log'!G2:G1000),"-") -> 84 | C11: Total Engagements | D11: =COUNTA('Engagement Log'!A2:A1000) -> 3
A12: Avg Total Remediation Time (hrs) | B12: =IFERROR(AVERAGE('Engagement Log'!S2:S1000),"-") -> 1.3333333 | C12: Completed Engagements | D12: =COUNTIF('Engagement Log'!V2:V1000,"Completed") -> 2
A13: Avg Consultant Review Time (hrs) | B13: =IFERROR(AVERAGE('Engagement Log'!T2:T1000),"-") -> 2.8333333 | C13: In Progress Engagements | D13: =COUNTIF('Engagement Log'!V2:V1000,"In Progress") -> 1
A14: Avg Total Pipeline Time (hrs) | B14: =IFERROR(AVERAGE('Engagement Log'!U2:U1000),"-") -> 20.25 | C14: Sufficient Material | D14: =COUNTIF('Engagement Log'!F2:F1000,"Sufficient") -> 2
A15: Avg Gates Requiring Remediation | B15: =IFERROR(AVERAGE('Engagement Log'!R2:R1000),"-") -> 1.6666667 | C15: Marginal Material | D15: =COUNTIF('Engagement Log'!F2:F1000,"Marginal") -> 1
A16: Gate Failure Rate (First Pass <76%) | B16: =IFERROR((COUNTIF('Engagement Log'!H2:H1000,"<76")+COUNTIF('Engagement Log'!J2:J1000,"<76")+COUNTIF('Engagement Log'!L2:L1000,"<76")+COUNTIF('Engagement Log'!N2:N1000,"<76")+COUNTIF('Engagement Log'!P2:P1000,"<76"))/MAX(1,COUNTA('Engagement Log'!A2:A1000)*5),"-") -> 0.26666667 | C16: Insufficient Material | D16: =COUNTIF('Engagement Log'!F2:F1000,"Insufficient") -> 0
A18: Note: Gate failure threshold = 76% (first pass). Scores below this trigger mandatory remediation per Quality Gate Algorithm.

Sheet Remediation Details
A1: Engagement ID | B1: Gate ID | C1: First Pass Score (%) | D1: Primary Issue Dimension | E1: Issue Description | F1: Remediation Action Taken | G1: Time Spent (minutes) | H1: Final Score After Remediation (%) | I1: Root Cause
A2: BP-001 | B2: QG-3 | C2: 72 | D2: Evidence Grounding | E2: Opportunity analysis lacked cited data; claims unsupported by client materials | F2: Re-ran opportunity-harvester with explicit citation requirement; added 4 source references | G2: 45 | H2: 81 | I2: Skill Execution
A3: BP-002 | B3: QG-2 | C3: 71 | D3: Completeness | E3: Maturity scoring skipped 2 of 8 capability dimensions due to thin client documentation | F3: Conducted supplemental discovery call; obtained process maps for missing dimensions | G3: 60 | H3: 78 | I3: Input Quality
A4: BP-002 | B4: QG-3 | C4: 68 | D4: Evidence Grounding | E4: ROI projections not anchored to client baseline data; generic industry benchmarks used | F4: Replaced benchmark assumptions with client-provided cost data; added caveat flags | G4: 55 | H4: 76 | I4: Input Quality
A5: BP-002 | B5: QG-1 | C5: 75 | D5: Consistency | E5: Industry classification inconsistent across intake form sections | F5: Standardised industry label; propagated correction through downstream context | G5: 20 | H5: 80 | I5: Systemic

Sheet Improvement Actions
A1: Date Identified | B1: Pattern Observed | C1: Affected Gate(s) | D1: Affected Skill(s) | E1: Proposed Improvement | F1: Priority | G1: Status | H1: Date Resolved | I1: Impact Observed
A2: 2026-05-10 | B2: QG-3 consistently scores lowest on Evidence Grounding across all engagements — citations absent or generic | C2: QG-3 | D2: opportunity-harvester | E2: Add explicit citation-enforcement prompt block to opportunity-harvester skill; require [SOURCE: ...] tags on all quantified claims | F2: High | G2: Open
A3: 2026-05-12 | B3: Clients in manufacturing consistently provide thin process documentation, causing QG-2 completeness failures | C3: QG-1, QG-2 | D3: blueprint-intake, blueprint-maturity | E3: Create manufacturing-specific material request template with minimum document checklist and process map requirements | F3: Medium | G3: Open
A4: 2026-05-15 | B4: Blueprint-assembly step drifts maturity scores in ~40% of engagements — scores shift vs. QG-2 baseline without explanation | C4: QG-4, QG-FINAL | D4: blueprint-assembly, blueprint-orchestrator | E4: Add automated score cross-check to assembly skill; flag any maturity score deviation >5 points from QG-2 baseline for review | F4: High | G4: In Progress | I4: Under investigation; suspect context window truncation of QG-2 output in long pipelines
